player_id;team_external_id;player_name_pt;player_name_en;team_name_pt;team_name_en;team_abbreviation;position_code;position_pt;position_en;player_image_url;team_flag_url;rank_goalkeeper_saves;goalkeeper_saves;goalkeeper_defensive_actions_inside_penalty_area;goalkeeper_defensive_actions_outside_penalty_area;rank_goalkeeper_defensive_actions_inside_penalty_area;rank_goalkeeper_defensive_actions_outside_penalty_area
389879;285023_43843;Luca Zidane;Luca Zidane;Argélia;Algeria;ALG;GK;;;https://digitalhub.fifa.com/transform/9a389290-d443-4b83-8e3a-70e481bca3f1/ZIDANE-Luca_389879;https://api.fifa.com/api/v3/picture/flags-sq-3/ALG;30;9;34;32;49;49
520070;285023_43843;Melvin Mastil;Melvin Mastil;Argélia;Algeria;ALG;GK;;;https://digitalhub.fifa.com/transform/6d85724d-c5a6-400d-acb9-df73451a4bf4/MASTIL-Melvin_520070;https://api.fifa.com/api/v3/picture/flags-sq-3/ALG;56;0;0;0;60;60
477817;285023_43843;Oussama Benbot;Oussama Benbot;Argélia;Algeria;ALG;GK;;;https://digitalhub.fifa.com/transform/884914ab-5fde-4b43-a31a-99b35849afc8/BENBOT-Oussama_477817;https://api.fifa.com/api/v3/picture/flags-sq-3/ALG;56;0;14;13;57;57
308300;285023_43922;Emiliano Martinez;Emiliano Martinez;Argentina;Argentina;ARG;GK;;;https://digitalhub.fifa.com/transform/f5f477fe-a519-4c69-bb68-f6f5b97c1399/MARTINEZ_Emiliano_308300;https://api.fifa.com/api/v3/picture/flags-sq-3/ARG;50;4;57;49;32;31
394824;285023_43922;Geronimo Rulli;Geronimo Rulli;Argentina;Argentina;ARG;GK;;;https://digitalhub.fifa.com/transform/db91883b-99ec-4aa2-bf1a-cc7912040c7b/RULLI-Geronimo_394824;https://api.fifa.com/api/v3/picture/flags-sq-3/ARG;56;0;0;0;60;60
430624;285023_43922;Juan Musso;Juan Musso;Argentina;Argentina;ARG;GK;;;https://digitalhub.fifa.com/transform/c4a2b6b7-378f-422d-b2d1-42a04e5b1dfb/MUSSO-Juan_430624;https://api.fifa.com/api/v3/picture/flags-sq-3/ARG;56;0;0;0;60;60
339117;285023_43976;Mathew Ryan;Mathew Ryan;Austrália;Australia;AUS;GK;;;https://digitalhub.fifa.com/transform/7c98d5eb-1514-4e8f-a6c6-60f4017b2175/RYAN-Mathew_339117;https://api.fifa.com/api/v3/picture/flags-sq-3/AUS;56;0;0;0;60;60
494557;285023_43976;Patrick Beach;Patrick Beach;Austrália;Australia;AUS;GK;;;https://digitalhub.fifa.com/transform/0ea3c68c-c425-41c4-b973-c60e2d5b4685/BEACH-Patrick_494557;https://api.fifa.com/api/v3/picture/flags-sq-3/AUS;14;14;91;76;9;8
331135;285023_43976;Paul Izzo;Paul Izzo;Austrália;Australia;AUS;GK;;;https://digitalhub.fifa.com/transform/b64e66f2-6c65-4a90-8f28-6fc699fcf5ce/IZZO-Paul_331135;https://api.fifa.com/api/v3/picture/flags-sq-3/AUS;56;0;0;0;60;60
371739;285023_43934;Alexander Schlager;Alexander Schlager;Áustria;Austria;AUT;GK;;;https://digitalhub.fifa.com/transform/9612130f-7351-47d4-b346-dcd331a62cbe/SCHLAGER-Alexander_371739;https://api.fifa.com/api/v3/picture/flags-sq-3/AUT;10;15;85;74;13;11
520034;285023_43934;Florian Wiegele;Florian Wiegele;Áustria;Austria;AUT;GK;;;https://digitalhub.fifa.com/transform/7feedee9-3390-40e2-a9aa-8867abd8b89e/WIEGELE-Florian_520034;https://api.fifa.com/api/v3/picture/flags-sq-3/AUT;56;0;0;0;60;60
441065;285023_43934;Patrick Pentz;Patrick Pentz;Áustria;Austria;AUT;GK;;;https://digitalhub.fifa.com/transform/fee95866-9f5e-4663-b49f-3db6a86f0e80/PENTZ-Patrick_441065;https://api.fifa.com/api/v3/picture/flags-sq-3/AUT;56;0;0;0;60;60
499803;285023_43935;Mike Penders;Mike Penders;Bélgica;Belgium;BEL;GK;;;https://digitalhub.fifa.com/transform/88da8ae8-d4af-47b1-8f4c-e3ac46fbc226/PENDERS-Mike_499803;https://api.fifa.com/api/v3/picture/flags-sq-3/BEL;56;0;0;0;60;60
495348;285023_43935;Senne Lammens;Senne Lammens;Bélgica;Belgium;BEL;GK;;;https://digitalhub.fifa.com/transform/9e407610-b85c-45d8-847a-2bae1d24e699/LAMMENS-Senne_495348;https://api.fifa.com/api/v3/picture/flags-sq-3/BEL;56;0;0;0;60;60
358106;285023_43935;Thibaut Courtois;Thibaut Courtois;Bélgica;Belgium;BEL;GK;;;https://digitalhub.fifa.com/transform/b630bdbe-3615-43b0-b715-8da37b1ecfa6/COURTOIS-Thibaut_358106;https://api.fifa.com/api/v3/picture/flags-sq-3/BEL;17;13;92;75;7;9
491228;285023_44037;Martin Zlomislic;Martin Zlomislic;Bósnia e Herzegovina;Bosnia and Herzegovina;BIH;GK;;;https://digitalhub.fifa.com/transform/c2bf5ce5-0160-4561-a0e0-4508621e1820/ZLOMISLIC-Martin_491228;https://api.fifa.com/api/v3/picture/flags-sq-3/BIH;56;0;0;0;60;60
522842;285023_44037;Mladen Jurkas;Mladen Jurkas;Bósnia e Herzegovina;Bosnia and Herzegovina;BIH;GK;;;https://digitalhub.fifa.com/transform/d568a177-8466-4ef0-89d6-990d70cac911/JURKAS-Mladen_522842;https://api.fifa.com/api/v3/picture/flags-sq-3/BIH;56;0;0;0;60;60
482978;285023_44037;Nikola Vasilj;Nikola Vasilj;Bósnia e Herzegovina;Bosnia and Herzegovina;BIH;GK;;;https://digitalhub.fifa.com/transform/be1c5819-9bc1-4bf3-b677-9172d1be6bea/VASILJ-Nikola_482978;https://api.fifa.com/api/v3/picture/flags-sq-3/BIH;35;8;92;70;7;14
308370;285023_43924;Alisson;Alisson;Brasil;Brazil;BRA;GK;;;https://digitalhub.fifa.com/transform/6b051628-d407-41ce-8a60-dc354ac4ccb8/ALISSON_308370;https://api.fifa.com/api/v3/picture/flags-sq-3/BRA;10;15;67;59;27;24
395427;285023_43924;Ederson;Ederson;Brasil;Brazil;BRA;GK;;;https://digitalhub.fifa.com/transform/2a1d5731-391b-4644-a926-1bc899b86c81/EDERSON_395427;https://api.fifa.com/api/v3/picture/flags-sq-3/BRA;56;0;0;0;60;60
396315;285023_43924;Weverton;Weverton;Brasil;Brazil;BRA;GK;;;https://digitalhub.fifa.com/transform/c66a5712-81fa-4527-9e5a-8221f11b3274/WEVERTON_396315;https://api.fifa.com/api/v3/picture/flags-sq-3/BRA;56;0;0;0;60;60
441255;285023_43899;Dayne St Clair;Dayne St Clair;Canadá;Canada;CAN;GK;;;https://digitalhub.fifa.com/transform/0583604e-3974-45f0-ac6c-cdf0deaabe5c/ST-CLAIR-Dayne_441255;https://api.fifa.com/api/v3/picture/flags-sq-3/CAN;56;0;0;0;60;60
331732;285023_43899;Maxime Crepeau;Maxime Crepeau;Canadá;Canada;CAN;GK;;;https://digitalhub.fifa.com/transform/c4570ca7-10a7-44ca-901d-fee1e11e4400/CREPEAU-Maxime_331732;https://api.fifa.com/api/v3/picture/flags-sq-3/CAN;42;7;49;40;44;45
463817;285023_43899;Owen Goodman;Owen Goodman;Canadá;Canada;CAN;GK;;;https://digitalhub.fifa.com/transform/a226584e-2566-49be-b8e7-b8e73d3aa127/GOODMAN-Owen_463817;https://api.fifa.com/api/v3/picture/flags-sq-3/CAN;56;0;0;0;60;60
403090;285023_43854;Alban Lafont;Alban Lafont;Costa do Marfim;Côte d'Ivoire;CIV;GK;;;https://digitalhub.fifa.com/transform/4387ca2a-2c1e-4bee-baad-95e9485a4ba0/LAFONT-Alban_403090;https://api.fifa.com/api/v3/picture/flags-sq-3/CIV;56;0;0;0;60;60
486259;285023_43854;Mohamed Kone;Mohamed Kone;Costa do Marfim;Côte d'Ivoire;CIV;GK;;;https://digitalhub.fifa.com/transform/937ed103-c12b-4931-83f1-ee615a67858e/HASSAN-ALTAMBAKTI_403335;https://api.fifa.com/api/v3/picture/flags-sq-3/CIV;56;0;0;0;60;60
405873;285023_43854;Yahia Fofana;Yahia Fofana;Costa do Marfim;Côte d'Ivoire;CIV;GK;;;https://digitalhub.fifa.com/transform/c5bc8a38-479f-4c33-b8f6-9ab95bb45b57/FOFANA-Yahia_405873;https://api.fifa.com/api/v3/picture/flags-sq-3/CIV;23;11;84;68;15;16
441313;285023_20014;Lionel Mpasi;Lionel Mpasi;RD do Congo;Congo DR;COD;GK;;;https://digitalhub.fifa.com/transform/93a9ca9a-b0db-41bb-80e6-878eb46f0c84/MPASI-Lionel_441313;https://api.fifa.com/api/v3/picture/flags-sq-3/COD;10;15;83;70;16;14
514171;285023_20014;Matthieu Epolo;Matthieu Epolo;RD do Congo;Congo DR;COD;GK;;;https://digitalhub.fifa.com/transform/5b3aa99c-c19f-4087-9230-fcc1023e6baa/EPOLO-Matthieu_514171;https://api.fifa.com/api/v3/picture/flags-sq-3/COD;56;0;0;0;60;60
486196;285023_20014;Timothy Fayulu;Timothy Fayulu;RD do Congo;Congo DR;COD;GK;;;https://digitalhub.fifa.com/transform/deee3a8c-2aea-43fd-80d4-18dfdf1fad94/FAYULU-Timothy_486196;https://api.fifa.com/api/v3/picture/flags-sq-3/COD;56;0;0;0;60;60
385998;285023_43926;Alvaro Montero;Alvaro Montero;Colômbia;Colombia;COL;GK;;;https://digitalhub.fifa.com/transform/b7af4c7c-edc7-483d-a804-068ea864840e/MONTERO-Alvaro_385998;https://api.fifa.com/api/v3/picture/flags-sq-3/COL;56;0;0;0;60;60
360642;285023_43926;Camilo Vargas;Camilo Vargas;Colômbia;Colombia;COL;GK;;;https://digitalhub.fifa.com/transform/0a3646b6-8b61-4004-a460-0aad23a8ff36/VARGAS-Camilo_360642;https://api.fifa.com/api/v3/picture/flags-sq-3/COL;42;7;57;54;32;27
228686;285023_43926;David Ospina;David Ospina;Colômbia;Colombia;COL;GK;;;https://digitalhub.fifa.com/transform/bb1dfed7-fde5-4558-8bf0-fe299883d6fa/OSPINA-David_228686;https://api.fifa.com/api/v3/picture/flags-sq-3/COL;56;0;0;0;60;60
406281;285023_43850;Cj Dos Santos;Cj Dos Santos;Cabo Verde;Cabo Verde;CPV;GK;;;https://digitalhub.fifa.com/transform/ecf9ed76-fe11-4089-96d4-8126286db543/CJ-DOS-SANTOS_406281;https://api.fifa.com/api/v3/picture/flags-sq-3/CPV;56;0;0;0;60;60
407114;285023_43850;Marcio Rosa;Marcio Rosa;Cabo Verde;Cabo Verde;CPV;GK;;;https://digitalhub.fifa.com/transform/fcc402a3-4dbd-4c2e-9856-c8a3104ce221/MARCIO-ROSA_407114;https://api.fifa.com/api/v3/picture/flags-sq-3/CPV;56;0;0;0;60;60
364752;285023_43850;Vozinha;Vozinha;Cabo Verde;Cabo Verde;CPV;GK;;;https://digitalhub.fifa.com/transform/b8286230-b161-484e-87a9-ce5a20e6f7d1/VOZINHA_364752;https://api.fifa.com/api/v3/picture/flags-sq-3/CPV;4;18;136;102;2;4
448179;285023_43938;Dominik Kotarski;Dominik Kotarski;Croácia;Croatia;CRO;GK;;;https://digitalhub.fifa.com/transform/4fb248c2-8d15-4415-ab5f-19bf997447ae/KOTARSKI-Dominik_448179;https://api.fifa.com/api/v3/picture/flags-sq-3/CRO;56;0;0;0;60;60
369029;285023_43938;Dominik Livakovic;Dominik Livakovic;Croácia;Croatia;CRO;GK;;;https://digitalhub.fifa.com/transform/6f54cf31-4fd8-4dff-aaa7-9db6bf2fa2ec/LIVAKOVIC-Dominik_369029;https://api.fifa.com/api/v3/picture/flags-sq-3/CRO;19;12;80;68;18;16
514526;285023_43938;Ivor Pandur;Ivor Pandur;Croácia;Croatia;CRO;GK;;;https://digitalhub.fifa.com/transform/5a32b76f-ee60-4eb1-a2e0-b12bc86e41e0/PANDUR-Ivor_514526;https://api.fifa.com/api/v3/picture/flags-sq-3/CRO;56;0;0;0;60;60
390650;285023_1895293;Eloy Room;Eloy Room;Curaçau;Curaçao;CUW;GK;;;https://digitalhub.fifa.com/transform/5bd9ff87-6801-46d2-8f10-ca9eb3ea2ea4/ROOM-Eloy_390650;https://api.fifa.com/api/v3/picture/flags-sq-3/CUW;2;21;81;72;17;13
466382;285023_1895293;Trevor Doornbusch;Trevor Doornbusch;Curaçau;Curaçao;CUW;GK;;;https://digitalhub.fifa.com/transform/f6d2d4d6-a63d-4278-a520-5edb0dc24e69/DOORNBUSCH-Trevor_466382;https://api.fifa.com/api/v3/picture/flags-sq-3/CUW;56;0;0;0;60;60
466370;285023_1895293;Tyrick Bodak;Tyrick Bodak;Curaçau;Curaçao;CUW;GK;;;https://digitalhub.fifa.com/transform/c806d05b-ee7a-482f-beb5-b9a6b5871a11/BODAK-Tyrick_466370;https://api.fifa.com/api/v3/picture/flags-sq-3/CUW;56;0;0;0;60;60
441162;285023_43995;Jindrich Stanek;Jindrich Stanek;Tchéquia;Czechia;CZE;GK;;;https://digitalhub.fifa.com/transform/9351d9a7-4be7-4c59-8e0e-3f5fbca8ac7d/STANEK-Jindrich_441162;https://api.fifa.com/api/v3/picture/flags-sq-3/CZE;56;0;0;0;60;60
511118;285023_43995;Lukas Hornicek;Lukas Hornicek;Tchéquia;Czechia;CZE;GK;;;https://digitalhub.fifa.com/transform/d76a995c-dcd7-4219-a555-3336ac87b052/HORNICEK-Lukas_511118;https://api.fifa.com/api/v3/picture/flags-sq-3/CZE;56;0;0;0;60;60
484012;285023_43995;Matej Kovar;Matej Kovar;Tchéquia;Czechia;CZE;GK;;;https://digitalhub.fifa.com/transform/06f2bdbf-6411-4f1c-885b-3c745e37363e/KOVAR-Matej_484012;https://api.fifa.com/api/v3/picture/flags-sq-3/CZE;23;11;60;52;29;30
448295;285023_43927;Gonzalo Valle;Gonzalo Valle;Equador;Ecuador;ECU;GK;;;https://digitalhub.fifa.com/transform/d67ebe06-be17-4735-a8a7-9659eb37cf37/VALLE-Gonzalo_448295;https://api.fifa.com/api/v3/picture/flags-sq-3/ECU;56;0;0;0;60;60
441236;285023_43927;Hernan Galindez;Hernan Galindez;Equador;Ecuador;ECU;GK;;;https://digitalhub.fifa.com/transform/679fc90e-2f98-4494-a4dd-f26442fae6d3/GALINDEZ-Hernan_441236;https://api.fifa.com/api/v3/picture/flags-sq-3/ECU;19;12;68;63;26;22
419002;285023_43927;Moises Ramirez;Moises Ramirez;Equador;Ecuador;ECU;GK;;;https://digitalhub.fifa.com/transform/3a641146-b759-48d0-983f-b85bb1232cc4/RAMIREZ-Moises_419002;https://api.fifa.com/api/v3/picture/flags-sq-3/ECU;56;0;0;0;60;60
395860;285023_43855;Mahdy Soliman;Mahdy Soliman;Egito;Egypt;EGY;GK;;;https://digitalhub.fifa.com/transform/90b92e39-b717-40c5-a2ab-05616ca017c8/MAHDY-SOLIMAN_395860;https://api.fifa.com/api/v3/picture/flags-sq-3/EGY;56;0;0;0;60;60
512079;285023_43855;Mohamed Alaa;Mohamed Alaa;Egito;Egypt;EGY;GK;;;https://digitalhub.fifa.com/transform/6a209a18-784b-401d-af68-4c768a814a36/MOHAMED-ALAA_512079;https://api.fifa.com/api/v3/picture/flags-sq-3/EGY;56;0;0;0;60;60
408948;285023_43855;Mohamed Elshenawy;Mohamed Elshenawy;Egito;Egypt;EGY;GK;;;https://digitalhub.fifa.com/transform/5bfa85ca-3349-4143-9afa-1b5a43ac8c54/MOHAMED-ELSHENAWY_408948;https://api.fifa.com/api/v3/picture/flags-sq-3/EGY;56;0;0;0;60;60
416906;285023_43855;Mostafa Shoubir;Mostafa Shoubir;Egito;Egypt;EGY;GK;;;https://digitalhub.fifa.com/transform/0fa52c2d-3a6c-49cf-ac83-ddc4a08d57e3/MOSTAFA-SHOUBIR_416906;https://api.fifa.com/api/v3/picture/flags-sq-3/EGY;14;14;119;105;4;2
403046;285023_43942;Dean Henderson;Dean Henderson;Inglaterra;England;ENG;GK;;;https://digitalhub.fifa.com/transform/acb3f8de-1176-40ef-99c2-e671120fbde0/HENDERSON-Dean_403046;https://api.fifa.com/api/v3/picture/flags-sq-3/ENG;56;0;0;0;60;60
485080;285023_43942;James Trafford;James Trafford;Inglaterra;England;ENG;GK;;;https://digitalhub.fifa.com/transform/f923135f-5d11-46cb-90a3-517f74cb4c76/TRAFFORD-James_485080;https://api.fifa.com/api/v3/picture/flags-sq-3/ENG;56;0;0;0;60;60
336022;285023_43942;Jordan Pickford;Jordan Pickford;Inglaterra;England;ENG;GK;;;https://digitalhub.fifa.com/transform/5f9b3bbf-edb5-4956-bce7-2d0a8e77f6ab/PICKFORD-Jordan_336022;https://api.fifa.com/api/v3/picture/flags-sq-3/ENG;30;9;89;73;10;12
447853;285023_43969;David Raya;David Raya;Espanha;Spain;ESP;GK;;;https://digitalhub.fifa.com/transform/2a0b3279-e7c5-44c9-8f13-897d085e83bf/RAYA-David_447853;https://api.fifa.com/api/v3/picture/flags-sq-3/ESP;56;0;0;0;60;60
484691;285023_43969;Joan Garcia;Joan Garcia;Espanha;Spain;ESP;GK;;;https://digitalhub.fifa.com/transform/08439f96-c835-4b28-9fc5-7e90d4e82738/GARCIA-Joan_484691;https://api.fifa.com/api/v3/picture/flags-sq-3/ESP;56;0;0;0;60;60
430753;285023_43969;Unai Simon;Unai Simon;Espanha;Spain;ESP;GK;;;https://digitalhub.fifa.com/transform/41e0f920-bd7d-4bd6-882b-c83ed33e3f26/SIMON-Unai_430753;https://api.fifa.com/api/v3/picture/flags-sq-3/ESP;30;9;70;54;23;27
483471;285023_43946;Brice Samba;Brice Samba;França;France;FRA;GK;;;https://digitalhub.fifa.com/transform/99fa69d0-8c6e-4c11-a78c-98a70aa322f8/SAMBA-Brice_483471;https://api.fifa.com/api/v3/picture/flags-sq-3/FRA;56;0;0;0;60;60
448332;285023_43946;Mike Maignan;Mike Maignan;França;France;FRA;GK;;;https://digitalhub.fifa.com/transform/3f92a933-a22d-4f58-8f4f-b51370aeacf4/MAIGNAN-Mike_448332;https://api.fifa.com/api/v3/picture/flags-sq-3/FRA;28;10;59;47;30;34
464127;285023_43946;Robin Risser;Robin Risser;França;France;FRA;GK;;;https://digitalhub.fifa.com/transform/834e2e38-78ec-4e02-98a8-dbc085a9637c/RISSER-Robin_464127;https://api.fifa.com/api/v3/picture/flags-sq-3/FRA;56;0;0;0;60;60
429639;285023_43948;Alexander Nuebel;Alexander Nuebel;Alemanha;Germany;GER;GK;;;https://digitalhub.fifa.com/transform/9d30bb13-c082-4759-90e7-e0bde4305d1f/NUEBEL-Alexander_429639;https://api.fifa.com/api/v3/picture/flags-sq-3/GER;56;0;0;0;60;60
228912;285023_43948;Manuel Neuer;Manuel Neuer;Alemanha;Germany;GER;GK;;;https://digitalhub.fifa.com/transform/e3701d06-66b5-4728-8bad-fea05319b6b8/NEUER-Manuel_228912;https://api.fifa.com/api/v3/picture/flags-sq-3/GER;42;7;61;45;28;39
306538;285023_43948;Oliver Baumann;Oliver Baumann;Alemanha;Germany;GER;GK;;;https://digitalhub.fifa.com/transform/9da65f41-ea53-4209-b2f6-c59e69dbc193/BAUMANN-Oliver_306538;https://api.fifa.com/api/v3/picture/flags-sq-3/GER;56;0;0;0;60;60
494349;285023_43860;Benjamin Asare;Benjamin Asare;Gana;Ghana;GHA;GK;;;https://digitalhub.fifa.com/transform/59f40ed7-650e-48ef-8f42-8a8a326b0504/ASARE-Benjamin_494349;https://api.fifa.com/api/v3/picture/flags-sq-3/GHA;35;8;55;47;37;34
506277;285023_43860;Joseph Anang;Joseph Anang;Gana;Ghana;GHA;GK;;;https://digitalhub.fifa.com/transform/ddb39257-eec9-4097-bc08-6f1dbe034dec/ANANG-Joseph_506277;https://api.fifa.com/api/v3/picture/flags-sq-3/GHA;56;0;0;0;60;60
386473;285023_43860;Lawrence Ati Zigi;Lawrence Ati Zigi;Gana;Ghana;GHA;GK;;;https://digitalhub.fifa.com/transform/ff31f89d-7f19-4a3e-b213-6c943ec77fb4/ZIGI-Lawrence-Ati_386473;https://api.fifa.com/api/v3/picture/flags-sq-3/GHA;35;8;31;30;51;50
466835;285023_43908;Alexandre Pierre;Alexandre Pierre;Haiti;Haiti;HAI;GK;;;https://digitalhub.fifa.com/transform/68889bed-7acd-4e67-a3bd-a18a300e70a0/PIERRE-Alexandre_466835;https://api.fifa.com/api/v3/picture/flags-sq-3/HAI;56;0;0;0;60;60
295922;285023_43908;Johny Placide;Johny Placide;Haiti;Haiti;HAI;GK;;;https://digitalhub.fifa.com/transform/3b4c1123-62c6-4267-9d22-6d138e461a54/PLACIDE-Johny_295922;https://api.fifa.com/api/v3/picture/flags-sq-3/HAI;17;13;56;48;36;32
466853;285023_43908;Josue Duverger;Josue Duverger;Haiti;Haiti;HAI;GK;;;https://digitalhub.fifa.com/transform/7f30e7f0-2c85-4fa5-aa66-09d5bd74f435/DUVERGER-Josue_466853;https://api.fifa.com/api/v3/picture/flags-sq-3/HAI;56;0;0;0;60;60
380007;285023_43817;Alireza Beiranvand;Alireza Beiranvand;RI do Irã;IR Iran;IRN;GK;;;https://digitalhub.fifa.com/transform/c8cf4e84-2bd2-4e20-bb73-c7f14a935b73/BEIRANVAND-Alireza_380007;https://api.fifa.com/api/v3/picture/flags-sq-3/IRN;10;15;75;65;20;19
314255;285023_43817;Hossein Hosseini;Hossein Hosseini;RI do Irã;IR Iran;IRN;GK;;;https://digitalhub.fifa.com/transform/65922b90-e1f9-453b-aa7c-b436746fce3c/HOSSEINI-Hossein_314255;https://api.fifa.com/api/v3/picture/flags-sq-3/IRN;56;0;0;0;60;60
448507;285023_43817;Payam Niazmand;Payam Niazmand;RI do Irã;IR Iran;IRN;GK;;;https://digitalhub.fifa.com/transform/5a4d3867-6d31-4e40-8718-312350b29fb4/NIAZMAND-Payam_448507;https://api.fifa.com/api/v3/picture/flags-sq-3/IRN;56;0;0;0;60;60
433571;285023_43818;Ahmed Basil;Ahmed Basil;Iraque;Iraq;IRQ;GK;;;https://digitalhub.fifa.com/transform/a9d30885-9966-457c-9a44-07e5cf8eee93/AHMED-BASIL_433571;https://api.fifa.com/api/v3/picture/flags-sq-3/IRQ;53;3;43;36;46;46
368744;285023_43818;Fahad Talib;Fahad Talib;Iraque;Iraq;IRQ;GK;;;https://digitalhub.fifa.com/transform/70d6d7cd-dcf4-4952-bee5-0f0b869aead7/FAHAD-TALIB_368744;https://api.fifa.com/api/v3/picture/flags-sq-3/IRQ;56;0;0;0;60;60
347085;285023_43818;Jalal Hassan;Jalal Hassan;Iraque;Iraq;IRQ;GK;;;https://digitalhub.fifa.com/transform/a7f7a32a-4968-462b-9c34-e8a0d0530b99/JALAL-HASSAN_347085;https://api.fifa.com/api/v3/picture/flags-sq-3/IRQ;42;7;51;45;42;39
431223;285023_43820;Abdallah Alfakhori;Abdallah Alfakhori;Jordânia;Jordan;JOR;GK;;;https://digitalhub.fifa.com/transform/3f7678fc-eab6-4d7c-81a4-2341b7f3ab10/ABDALLAH-ALFAKHORI_431223;https://api.fifa.com/api/v3/picture/flags-sq-3/JOR;56;0;0;0;60;60
483127;285023_43820;Nour Baniateyah;Nour Baniateyah;Jordânia;Jordan;JOR;GK;;;https://digitalhub.fifa.com/transform/6c4042af-5cac-4b05-94b8-c57aa8f3083f/NOUR-BANIATEYAH_483127;https://api.fifa.com/api/v3/picture/flags-sq-3/JOR;56;0;0;0;60;60
397894;285023_43820;Yazeed Abulaila;Yazeed Abulaila;Jordânia;Jordan;JOR;GK;;;https://digitalhub.fifa.com/transform/155d55d5-4b94-4b50-9ed1-b9a102a501a2/YAZEED-ABULAILA_397894;https://api.fifa.com/api/v3/picture/flags-sq-3/JOR;35;8;70;56;23;26
403305;285023_43819;Keisuke Osako;Keisuke Osako;Japão;Japan;JPN;GK;;;https://digitalhub.fifa.com/transform/4304491f-2404-4e52-a9c3-948c95a01f5a/OSAKO-Keisuke_403305;https://api.fifa.com/api/v3/picture/flags-sq-3/JPN;56;0;0;0;60;60
511710;285023_43819;Tomoki Hayakawa;Tomoki Hayakawa;Japão;Japan;JPN;GK;;;https://digitalhub.fifa.com/transform/d81ad421-1126-4549-a89f-3fafd8db2a97/HAYAKAWA-Tomoki_511710;https://api.fifa.com/api/v3/picture/flags-sq-3/JPN;56;0;0;0;60;60
405530;285023_43819;Zion Suzuki;Zion Suzuki;Japão;Japan;JPN;GK;;;https://digitalhub.fifa.com/transform/7a045252-7c97-4f14-9493-4977e3e3156e/SUZUKI-Zion_405530;https://api.fifa.com/api/v3/picture/flags-sq-3/JPN;5;17;78;64;19;20
397753;285023_43822;Jo Hyeonwoo;Jo Hyeonwoo;República da Coreia;Korea Republic;KOR;GK;;;https://digitalhub.fifa.com/transform/15bfe432-3e69-4900-b736-50ee6fd20cb5/JO-Hyeonwoo_397753;https://api.fifa.com/api/v3/picture/flags-sq-3/KOR;56;0;0;0;60;60
274281;285023_43822;Kim Seunggyu;Kim Seunggyu;República da Coreia;Korea Republic;KOR;GK;;;https://digitalhub.fifa.com/transform/d4c2a3d5-e369-4813-97eb-16669f83dd78/KIM-Seunggyu_274281;https://api.fifa.com/api/v3/picture/flags-sq-3/KOR;23;11;42;34;47;47
402820;285023_43822;Song Bumkeun;Song Bumkeun;República da Coreia;Korea Republic;KOR;GK;;;https://digitalhub.fifa.com/transform/a45e87b1-92c4-4d33-ac9b-1bca03075996/SONG-Bumkeun_402820;https://api.fifa.com/api/v3/picture/flags-sq-3/KOR;56;0;0;0;60;60
339746;285023_43835;Ahmed Alkassar;Ahmed Alkassar;Arábia Saudita;Saudi Arabia;KSA;GK;;;https://digitalhub.fifa.com/transform/1354d5cd-4cb5-4494-9033-efd38b3f1ac0/AHMED-ALKASSAR_339746;https://api.fifa.com/api/v3/picture/flags-sq-3/KSA;56;0;0;0;60;60
396885;285023_43835;Mohammed Alowais;Mohammed Alowais;Arábia Saudita;Saudi Arabia;KSA;GK;;;https://digitalhub.fifa.com/transform/be2d88f0-e368-49ef-9a33-c7585955c495/MOHAMMED-ALOWAIS_396885;https://api.fifa.com/api/v3/picture/flags-sq-3/KSA;5;17;86;78;12;7
419287;285023_43835;Nawaf Alaqidi;Nawaf Alaqidi;Arábia Saudita;Saudi Arabia;KSA;GK;;;https://digitalhub.fifa.com/transform/6b95e954-e3fd-4ba9-a171-690c9626eced/NAWAF-ALAQIDI_419287;https://api.fifa.com/api/v3/picture/flags-sq-3/KSA;56;0;0;0;60;60
371553;285023_43872;Ahmed Reda Tagnaouti;Ahmed Reda Tagnaouti;Marrocos;Morocco;MAR;GK;;;https://digitalhub.fifa.com/transform/3efabccf-6fc5-4192-b000-ea89f4b63c06/TAGNAOUTI-Ahmed-Reda_371553;https://api.fifa.com/api/v3/picture/flags-sq-3/MAR;56;0;0;0;60;60
395755;285023_43872;Munir El Kajoui;Munir El Kajoui;Marrocos;Morocco;MAR;GK;;;https://digitalhub.fifa.com/transform/20f762ed-3248-4b2d-8a4c-5f1e3891291f/EL-KAJOUI-Munir_395755;https://api.fifa.com/api/v3/picture/flags-sq-3/MAR;56;0;0;0;60;60
356956;285023_43872;Yassine Bounou;Yassine Bounou;Marrocos;Morocco;MAR;GK;;;https://digitalhub.fifa.com/transform/338ae8a7-8734-423e-ae54-2f783dba77ce/BOUNOU-Yassine_356956;https://api.fifa.com/api/v3/picture/flags-sq-3/MAR;19;12;85;67;13;18
441260;285023_43911;Carlos Acevedo;Carlos Acevedo;México;Mexico;MEX;GK;;;https://digitalhub.fifa.com/transform/b84beeec-be0c-493f-85fd-362bf0ead5c6/ACEVEDO-Carlos_441260;https://api.fifa.com/api/v3/picture/flags-sq-3/MEX;56;0;0;0;60;60
215285;285023_43911;Guillermo Ochoa;Guillermo Ochoa;México;Mexico;MEX;GK;;;https://digitalhub.fifa.com/transform/fedeac9f-968d-4d4c-b08a-5b2bf157c396/OCHOA-Guillermo_215285;https://api.fifa.com/api/v3/picture/flags-sq-3/MEX;56;0;3;3;59;59
485070;285023_43911;Raul Rangel;Raul Rangel;México;Mexico;MEX;GK;;;https://digitalhub.fifa.com/transform/3ea092ae-841d-4dc6-9ca0-78eb4dfb97c7/RANGEL-Raul_485070;https://api.fifa.com/api/v3/picture/flags-sq-3/MEX;35;8;57;46;32;36
424081;285023_43960;Bart Verbruggen;Bart Verbruggen;Holanda;Netherlands;NED;GK;;;https://digitalhub.fifa.com/transform/44bfd693-27d5-4d36-823e-5ff0e6cd2524/VERBRUGGEN-Bart_424081;https://api.fifa.com/api/v3/picture/flags-sq-3/NED;5;17;57;54;32;27
448151;285023_43960;Mark Flekken;Mark Flekken;Holanda;Netherlands;NED;GK;;;https://digitalhub.fifa.com/transform/c3d85e26-25ec-46df-957c-9e5feee3faf3/FLEKKEN-Mark_448151;https://api.fifa.com/api/v3/picture/flags-sq-3/NED;56;0;0;0;60;60
506028;285023_43960;Robin Roefs;Robin Roefs;Holanda;Netherlands;NED;GK;;;https://digitalhub.fifa.com/transform/557e5592-2bf9-4d43-8d51-ee7e2881cb65/ROEFS-Robin_506028;https://api.fifa.com/api/v3/picture/flags-sq-3/NED;56;0;0;0;60;60
483535;285023_43961;Egil Selvik;Egil Selvik;Noruega;Norway;NOR;GK;;;https://digitalhub.fifa.com/transform/b6e7f73a-c70c-4f7c-b0a4-37c8961fb019/SELVIK-Egil_483535;https://api.fifa.com/api/v3/picture/flags-sq-3/NOR;47;5;25;22;54;52
373235;285023_43961;Orjan Nyland;Orjan Nyland;Noruega;Norway;NOR;GK;;;https://digitalhub.fifa.com/transform/4abc883f-1368-46d6-8849-308d06b641e6/NYLAND-Orjan_373235;https://api.fifa.com/api/v3/picture/flags-sq-3/NOR;23;11;87;75;11;9
514479;285023_43961;Sander Tangvik;Sander Tangvik;Noruega;Norway;NOR;GK;;;https://digitalhub.fifa.com/transform/c7cb7af6-fa0d-4795-bdba-c53bed58e3fa/TANGVIK-Sander_514479;https://api.fifa.com/api/v3/picture/flags-sq-3/NOR;56;0;0;0;60;60
423574;285023_43978;Alex Paulsen;Alex Paulsen;Nova Zelândia;New Zealand;NZL;GK;;;https://digitalhub.fifa.com/transform/10106faa-f53a-4898-b03a-6688ff48cf53/PAULSEN-Alex_423574;https://api.fifa.com/api/v3/picture/flags-sq-3/NZL;56;0;0;0;60;60
368535;285023_43978;Max Crocombe;Max Crocombe;Nova Zelândia;New Zealand;NZL;GK;;;https://digitalhub.fifa.com/transform/0d8fc4f9-7330-4eaa-bbf0-7dfccbec09db/CROCOMBE-Max_368535;https://api.fifa.com/api/v3/picture/flags-sq-3/NZL;23;11;97;88;6;6
390218;285023_43978;Michael Woud;Michael Woud;Nova Zelândia;New Zealand;NZL;GK;;;https://digitalhub.fifa.com/transform/a9766a27-9d3c-4856-8462-396d87ee2335/WOUD-Michael_390218;https://api.fifa.com/api/v3/picture/flags-sq-3/NZL;56;0;0;0;60;60
441402;285023_43914;Cesar Samudio;Cesar Samudio;Panamá;Panama;PAN;GK;;;https://digitalhub.fifa.com/transform/7ad848a3-35dc-465c-b10b-e3ef9dcc7813/SAMUDIO-Cesar_441402;https://api.fifa.com/api/v3/picture/flags-sq-3/PAN;56;0;0;0;60;60
267702;285023_43914;Luis Mejia;Luis Mejia;Panamá;Panama;PAN;GK;;;https://digitalhub.fifa.com/transform/2adff111-751a-46e3-b3c3-e3e37c8416cd/MEJIA-Luis_267702;https://api.fifa.com/api/v3/picture/flags-sq-3/PAN;56;0;0;0;60;60
441241;285023_43914;Orlando Mosquera;Orlando Mosquera;Panamá;Panama;PAN;GK;;;https://digitalhub.fifa.com/transform/050825b5-4cad-4874-8aa9-fdf8bda50819/MOSQUERA-Orlando_441241;https://api.fifa.com/api/v3/picture/flags-sq-3/PAN;30;9;48;42;45;44
447991;285023_43928;Gaston Olveira;Gaston Olveira;Paraguai;Paraguay;PAR;GK;;;https://digitalhub.fifa.com/transform/732355e7-ab77-473e-b0eb-25ac3fcdaac2/OLVEIRA-Gaston_447991;https://api.fifa.com/api/v3/picture/flags-sq-3/PAR;56;0;0;0;60;60
318647;285023_43928;Gatito Fernandez;Gatito Fernandez;Paraguai;Paraguay;PAR;GK;;;https://digitalhub.fifa.com/transform/d606fc1a-1644-428f-ada8-69c93198e5b3/FERNANDEZ-Gatito_318647;https://api.fifa.com/api/v3/picture/flags-sq-3/PAR;56;0;0;0;60;60
494531;285023_43928;Orlando Gill;Orlando Gill;Paraguai;Paraguay;PAR;GK;;;https://digitalhub.fifa.com/transform/29bae713-62ca-48da-8655-9c2caa0e728d/GILL-Orlando_494531;https://api.fifa.com/api/v3/picture/flags-sq-3/PAR;1;28;141;124;1;1
403001;285023_43963;Diogo Costa;Diogo Costa;Portugal;Portugal;POR;GK;;;https://digitalhub.fifa.com/transform/7c3541e5-a8cb-458c-b368-7f57c1b5ae03/DIOGO-COSTA_403001;https://api.fifa.com/api/v3/picture/flags-sq-3/POR;3;20;114;93;5;5
368689;285023_43963;Jose Sa;Jose Sa;Portugal;Portugal;POR;GK;;;https://digitalhub.fifa.com/transform/167fd8ff-0a3f-4c15-adc8-859e9d81caa3/JOSE-SA_368689;https://api.fifa.com/api/v3/picture/flags-sq-3/POR;56;0;0;0;60;60
448092;285023_43963;Rui Silva;Rui Silva;Portugal;Portugal;POR;GK;;;https://digitalhub.fifa.com/transform/11360803-25b9-4af9-b4a1-5916e0cd03cb/RUI-SILVA_448092;https://api.fifa.com/api/v3/picture/flags-sq-3/POR;56;0;0;0;60;60
419459;285023_43834;Mahmoud Abunada;Mahmoud Abunada;Catar;Qatar;QAT;GK;;;https://digitalhub.fifa.com/transform/86cd9af3-c09a-4bcd-9830-fed9d7b19ab6/MAHMOUD-ABUNADA_419459;https://api.fifa.com/api/v3/picture/flags-sq-3/QAT;8;16;124;103;3;3
416056;285023_43834;Meshaal Barsham;Meshaal Barsham;Catar;Qatar;QAT;GK;;;https://digitalhub.fifa.com/transform/b5f22cd1-218d-478b-b4a3-f3b2fb832c39/MESHAAL-BARSHAM_416056;https://api.fifa.com/api/v3/picture/flags-sq-3/QAT;56;0;0;0;60;60
419461;285023_43834;Salah Zakaria;Salah Zakaria;Catar;Qatar;QAT;GK;;;https://digitalhub.fifa.com/transform/92c49982-ca93-4853-93ea-5f5a3d6a256d/SALAH-ZAKARIA_419461;https://api.fifa.com/api/v3/picture/flags-sq-3/QAT;56;0;0;0;60;60
395059;285023_43883;Ricardo Goss;Ricardo Goss;África do Sul;South Africa;RSA;GK;;;https://digitalhub.fifa.com/transform/2727bd1f-2d55-4a70-9bd5-58a96d4bf9bc/GOSS-Ricardo_395059;https://api.fifa.com/api/v3/picture/flags-sq-3/RSA;56;0;0;0;60;60
395986;285023_43883;Ronwen Williams;Ronwen Williams;África do Sul;South Africa;RSA;GK;;;https://digitalhub.fifa.com/transform/b95f9142-251c-4943-911c-9c8d7ad8dd1c/WILLIAMS-Ronwen_395986;https://api.fifa.com/api/v3/picture/flags-sq-3/RSA;14;14;72;59;22;24
494246;285023_43883;Sipho Chaine;Sipho Chaine;África do Sul;South Africa;RSA;GK;;;https://digitalhub.fifa.com/transform/c06e5903-d546-4bc6-a558-5ce40b336b64/CHAINE-Sipho_494246;https://api.fifa.com/api/v3/picture/flags-sq-3/RSA;56;0;0;0;60;60
411301;285023_43967;Angus Gunn;Angus Gunn;Escócia;Scotland;SCO;GK;;;https://digitalhub.fifa.com/transform/c13202b1-f3b1-4fe1-bc72-0ee5b3135bbc/GUNN-Angus_411301;https://api.fifa.com/api/v3/picture/flags-sq-3/SCO;30;9;75;64;20;20
215553;285023_43967;Craig Gordon;Craig Gordon;Escócia;Scotland;SCO;GK;;;https://digitalhub.fifa.com/transform/6bb645f8-c45e-4630-baf7-b7ddcd905a26/GORDON-Craig_215553;https://api.fifa.com/api/v3/picture/flags-sq-3/SCO;56;0;0;0;60;60
442429;285023_43967;Liam Kelly;Liam Kelly;Escócia;Scotland;SCO;GK;;;https://digitalhub.fifa.com/transform/c1b8aa4f-e753-4748-915b-33661cc33845/KELLY-Liam_442429;https://api.fifa.com/api/v3/picture/flags-sq-3/SCO;56;0;0;0;60;60
433806;285023_43879;Edouard Mendy;Edouard Mendy;Senegal;Senegal;SEN;GK;;;https://digitalhub.fifa.com/transform/9093beeb-51a2-4e1d-b700-73e094c6949c/MENDY-Edouard_433806;https://api.fifa.com/api/v3/picture/flags-sq-3/SEN;35;8;34;25;49;51
448821;285023_43879;Mory Diaw;Mory Diaw;Senegal;Senegal;SEN;GK;;;https://digitalhub.fifa.com/transform/79100f28-7542-4023-b782-e40ecd748f93/DIAW-Mory_448821;https://api.fifa.com/api/v3/picture/flags-sq-3/SEN;47;5;53;45;41;39
494277;285023_43879;Yehvann Diouf;Yehvann Diouf;Senegal;Senegal;SEN;GK;;;https://digitalhub.fifa.com/transform/3b022d7d-d20e-42de-a08d-9e678dab3bc6/DIOUF-Yehvann_494277;https://api.fifa.com/api/v3/picture/flags-sq-3/SEN;56;0;0;0;60;60
448107;285023_43971;Gregor Kobel;Gregor Kobel;Suíça;Switzerland;SUI;GK;;;https://digitalhub.fifa.com/transform/8c199208-00cd-46ca-877b-f0fd4fb08e31/KOBEL-Gregor_448107;https://api.fifa.com/api/v3/picture/flags-sq-3/SUI;8;16;69;62;25;23
484862;285023_43971;Marvin Keller;Marvin Keller;Suíça;Switzerland;SUI;GK;;;https://digitalhub.fifa.com/transform/4c9ca839-ca31-4d4c-a620-3a5117c5efa8/KELLER-Marvin_484862;https://api.fifa.com/api/v3/picture/flags-sq-3/SUI;56;0;0;0;60;60
402022;285023_43971;Yvon Mvogo;Yvon Mvogo;Suíça;Switzerland;SUI;GK;;;https://digitalhub.fifa.com/transform/66a48e5b-90b7-48fa-94b6-f91d76c28962/MVOGO-Yvon_402022;https://api.fifa.com/api/v3/picture/flags-sq-3/SUI;56;0;0;0;60;60
489685;285023_43970;Jacob Widell Zetterstrom;Jacob Widell Zetterstrom;Suécia;Sweden;SWE;GK;;;https://digitalhub.fifa.com/transform/c93a418b-3456-4b0f-b0e0-8cb27004aebb/WIDELL-ZETTERSTROM-Jacob_489685;https://api.fifa.com/api/v3/picture/flags-sq-3/SWE;19;12;54;46;40;36
360496;285023_43970;Kristoffer Nordfeldt;Kristoffer Nordfeldt;Suécia;Sweden;SWE;GK;;;https://digitalhub.fifa.com/transform/747828c3-0592-411d-889a-9a59ae78e0b6/NORDFELDT-Kristoffer_360496;https://api.fifa.com/api/v3/picture/flags-sq-3/SWE;50;4;22;20;55;54
483264;285023_43970;Viktor Johansson;Viktor Johansson;Suécia;Sweden;SWE;GK;;;https://digitalhub.fifa.com/transform/c311a4ac-f9ad-48d3-99dc-b9c53345d0f9/JOHANSSON-Viktor_483264;https://api.fifa.com/api/v3/picture/flags-sq-3/SWE;56;0;0;0;60;60
433365;285023_43888;Aymen Dahmen;Aymen Dahmen;Tunísia;Tunisia;TUN;GK;;;https://digitalhub.fifa.com/transform/90030173-815d-4411-8eac-20fb42834f9d/DAHMEN-Aymen_433365;https://api.fifa.com/api/v3/picture/flags-sq-3/TUN;46;6;51;44;42;42
520245;285023_43888;Mouhib Chamakh;Mouhib Chamakh;Tunísia;Tunisia;TUN;GK;;;https://digitalhub.fifa.com/transform/7047e775-2f2c-4ea2-9ca6-6fc23363c591/CHAMAKH-Mouhib_520245;https://api.fifa.com/api/v3/picture/flags-sq-3/TUN;54;1;26;20;53;54
372294;285023_43888;Sabri Ben Hessen;Sabri Ben Hessen;Tunísia;Tunisia;TUN;GK;;;https://digitalhub.fifa.com/transform/69fa6a49-0e30-42d4-afe1-83d6e38c1eed/BEN-HESSEN-Sabri_372294;https://api.fifa.com/api/v3/picture/flags-sq-3/TUN;56;0;0;0;60;60
441180;285023_43972;Altay Bayindir;Altay Bayindir;Turquia;Türkiye;TUR;GK;;;https://digitalhub.fifa.com/transform/f8c86015-cce5-4965-9d7c-183ef908079a/BAYINDIR-Altay_441180;https://api.fifa.com/api/v3/picture/flags-sq-3/TUR;56;0;0;0;60;60
360498;285023_43972;Mert Gunok;Mert Gunok;Turquia;Türkiye;TUR;GK;;;https://digitalhub.fifa.com/transform/1ce10157-fad1-435e-b21d-b4f25a483bc1/GUNOK-Mert_360498;https://api.fifa.com/api/v3/picture/flags-sq-3/TUR;56;0;0;0;60;60
441181;285023_43972;Ugurcan Cakir;Ugurcan Cakir;Turquia;Türkiye;TUR;GK;;;https://digitalhub.fifa.com/transform/6cedaf47-2a99-4e31-bb0d-46ce78df26a6/CAKIR-Ugurcan_441181;https://api.fifa.com/api/v3/picture/flags-sq-3/TUR;35;8;55;46;37;36
229498;285023_43930;Fernando Muslera;Fernando Muslera;Uruguai;Uruguay;URU;GK;;;https://digitalhub.fifa.com/transform/bec34ba5-7129-44fe-b108-bc57a1fd3257/MUSLERA-Fernando_229498;https://api.fifa.com/api/v3/picture/flags-sq-3/URU;50;4;41;34;48;47
402897;285023_43930;Santiago Mele;Santiago Mele;Uruguai;Uruguay;URU;GK;;;https://digitalhub.fifa.com/transform/39573fa9-f716-4703-b772-cf1892d1b748/MELE-Santiago_402897;https://api.fifa.com/api/v3/picture/flags-sq-3/URU;56;0;0;0;60;60
368664;285023_43930;Sergio Rochet;Sergio Rochet;Uruguai;Uruguay;URU;GK;;;https://digitalhub.fifa.com/transform/b5a98e25-83d4-441e-9c25-0eb4581277dc/ROCHET-Sergio_368664;https://api.fifa.com/api/v3/picture/flags-sq-3/URU;56;0;7;5;58;58
464546;285023_43921;Chris Brady;Chris Brady;EUA;USA;USA;GK;;;https://digitalhub.fifa.com/transform/843ccc00-8c38-4a4e-91ba-a25694677cf0/BRADY-Chris_464546;https://api.fifa.com/api/v3/picture/flags-sq-3/USA;56;0;0;0;60;60
499913;285023_43921;Matt Freese;Matt Freese;EUA;USA;USA;GK;;;https://digitalhub.fifa.com/transform/c46f695b-3acc-4360-abf4-3110ff60d86e/FREESE-Matt_499913;https://api.fifa.com/api/v3/picture/flags-sq-3/USA;28;10;58;48;31;32
448217;285023_43921;Matt Turner;Matt Turner;EUA;USA;USA;GK;;;https://digitalhub.fifa.com/transform/01fb042f-5de5-41df-8104-7445672fdca5/TURNER-Matt_448217;https://api.fifa.com/api/v3/picture/flags-sq-3/USA;56;0;21;17;56;56
479110;285023_44005;Abduvohid Nematov;Abduvohid Nematov;Uzbequistão;Uzbekistan;UZB;GK;;;https://digitalhub.fifa.com/transform/1f1bfea3-5228-4270-ad8d-c1c8f08ef522/NEMATOV-Abduvohid_479110;https://api.fifa.com/api/v3/picture/flags-sq-3/UZB;47;5;55;44;37;42
385472;285023_44005;Botirali Ergashev;Botirali Ergashev;Uzbequistão;Uzbekistan;UZB;GK;;;https://digitalhub.fifa.com/transform/b358c6ce-2f88-4210-8035-4c33186ac486/ERGASHEV-Botirali_385472;https://api.fifa.com/api/v3/picture/flags-sq-3/UZB;56;0;0;0;60;60
479077;285023_44005;Utkir Yusupov;Utkir Yusupov;Uzbequistão;Uzbekistan;UZB;GK;;;https://digitalhub.fifa.com/transform/c3025d34-eb01-4b77-85bd-127f692514c8/YUSUPOV-Utkir_479077;https://api.fifa.com/api/v3/picture/flags-sq-3/UZB;54;1;27;21;52;53
